<?xml version="1.0" encoding="UTF-8" standalone="no"?>
<ontology xmlns="&lt;http://www.mindswap.org/ontologies/family.owl&gt;">
<annotation entity="&lt;http://www.mindswap.org/ontologies/family.owl#Person&gt;">
<translation>omuntu</translation>
<partOfSpeech>n</partOfSpeech>
<nounClass>1</nounClass>
</annotation>
<annotation entity="&lt;http://www.mindswap.org/ontologies/family.owl#Female&gt;">
<translation>omukazi</translation>
<partOfSpeech>n</partOfSpeech>
<nounClass>1</nounClass>
</annotation>
<annotation entity="&lt;http://www.mindswap.org/ontologies/family.owl#Male&gt;">
<translation>omushaija</translation>
<partOfSpeech>n</partOfSpeech>
<nounClass>1</nounClass>
</annotation>
<annotation entity="has">
    <translation>in</translation>
    <partOfSpeech>v</partOfSpeech>
    <nounClass>0</nounClass>
</annotation>
<annotation entity="Parent">
    <translation>omuzaire</translation>
    <partOfSpeech>n</partOfSpeech>
    <nounClass>1</nounClass>
</annotation>
</ontology>
