<?xml version="1.0" encoding="UTF-8" standalone="no"?>
<ontology xmlns="&lt;http://owl.man.ac.uk/2005/07/sssw/people&gt;">
    <annotation entity="&lt;http://owl.man.ac.uk/2005/07/sssw/people#old_lady&gt;">
        <translation>omukaikuru</translation>
        <partOfSpeech>n</partOfSpeech>
        <nounClass>1</nounClass>
    </annotation>
    <annotation entity="has">
        <translation>in</translation>
        <partOfSpeech>v</partOfSpeech>
        <nounClass>0</nounClass>
    </annotation>
    <annotation entity="pet">
        <translation>enyamaishwa erikutungwa abantu kuzaanisa</translation>
        <partOfSpeech>n</partOfSpeech>
        <nounClass>9</nounClass>
    </annotation>
    <annotation entity="&lt;http://owl.man.ac.uk/2005/07/sssw/people#animal&gt;">
        <translation>enyamishwa</translation>
        <partOfSpeech>n</partOfSpeech>
        <nounClass>9</nounClass>
    </annotation>
    <annotation entity="&lt;http://owl.man.ac.uk/2005/07/sssw/people#cat&gt;">
        <translation>enjangu</translation>
        <partOfSpeech>n</partOfSpeech>
        <nounClass>9</nounClass>
    </annotation>
    <annotation entity="&lt;http://owl.man.ac.uk/2005/07/sssw/people#elderly&gt;">
        <translation>okuzire</translation>
        <partOfSpeech>n</partOfSpeech>
        <nounClass>1</nounClass>
    </annotation>
    <annotation entity="&lt;http://owl.man.ac.uk/2005/07/sssw/people#adult&gt;">
        <translation>omuntu mukuru</translation>
        <partOfSpeech>n</partOfSpeech>
        <nounClass>1</nounClass>
    </annotation>
    <annotation entity="&lt;http://owl.man.ac.uk/2005/07/sssw/people#white_van_man&gt;">
        <translation>omushaija wa vaani erikweera</translation>
        <partOfSpeech>n</partOfSpeech>
        <nounClass>1</nounClass>
    </annotation>
    <annotation entity="&lt;http://owl.man.ac.uk/2005/07/sssw/people#reads&gt;">
        <translation>shom</translation>
        <partOfSpeech>v</partOfSpeech>
        <nounClass>0</nounClass>
    </annotation>
    <annotation entity="&lt;http://owl.man.ac.uk/2005/07/sssw/people#tabloid&gt;">
        <translation>taburoyidi</translation>
        <partOfSpeech>n</partOfSpeech>
        <nounClass>9</nounClass>
    </annotation>
    <annotation entity="&lt;http://owl.man.ac.uk/2005/07/sssw/people#bus&gt;">
        <translation>baasi</translation>
        <partOfSpeech>n</partOfSpeech>
        <nounClass>9</nounClass>
    </annotation>
    <annotation entity="&lt;http://owl.man.ac.uk/2005/07/sssw/people#vehicle&gt;">
        <translation>emotoka</translation>
        <partOfSpeech>n</partOfSpeech>
        <nounClass>7</nounClass>
    </annotation>
    <annotation entity="&lt;http://owl.man.ac.uk/2005/07/sssw/people#dog&gt;">
        <translation>embwa</translation>
        <partOfSpeech>n</partOfSpeech>
        <nounClass>9</nounClass>
    </annotation>
    <annotation entity="&lt;http://owl.man.ac.uk/2005/07/sssw/people#eats&gt;">
        <translation>ry</translation>
        <partOfSpeech>v</partOfSpeech>
        <nounClass>0</nounClass>
    </annotation>
    <annotation entity="&lt;http://owl.man.ac.uk/2005/07/sssw/people#bone&gt;">
        <translation>eigufa</translation>
        <partOfSpeech>n</partOfSpeech>
        <nounClass>5</nounClass>
    </annotation>
    <annotation entity="&lt;http://owl.man.ac.uk/2005/07/sssw/people#red_top&gt;">
        <translation>ekifundikiso ekirikutukura</translation>
        <partOfSpeech>n</partOfSpeech>
        <nounClass>7</nounClass>
    </annotation>
    <annotation entity="&lt;http://owl.man.ac.uk/2005/07/sssw/people#van&gt;">
        <translation>vaani</translation>
        <partOfSpeech>n</partOfSpeech>
        <nounClass>9</nounClass>
    </annotation>
    <annotation entity="&lt;http://owl.man.ac.uk/2005/07/sssw/people#magazine&gt;">
        <translation>magaziini</translation>
        <partOfSpeech>n</partOfSpeech>
        <nounClass>9</nounClass>
    </annotation>
    <annotation entity="&lt;http://owl.man.ac.uk/2005/07/sssw/people#publication&gt;">
        <translation>ekihandiiko ekishohoziibwe</translation>
        <partOfSpeech>n</partOfSpeech>
        <nounClass>7</nounClass>
    </annotation>
    <annotation entity="&lt;http://owl.man.ac.uk/2005/07/sssw/people#driver&gt;">
        <translation>omuvugi</translation>
        <partOfSpeech>n</partOfSpeech>
        <nounClass>1</nounClass>
    </annotation>
    <annotation entity="&lt;http://owl.man.ac.uk/2005/07/sssw/people#cow&gt;">
        <translation>ente</translation>
        <partOfSpeech>n</partOfSpeech>
        <nounClass>9</nounClass>
    </annotation>
    <annotation entity="&lt;http://owl.man.ac.uk/2005/07/sssw/people#vegetarian&gt;">
        <translation>ekiryabinyansi</translation>
        <partOfSpeech>n</partOfSpeech>
        <nounClass>7</nounClass>
    </annotation>
    <annotation entity="&lt;http://owl.man.ac.uk/2005/07/sssw/people#haulage_company&gt;">
        <translation>kampuni ya houlage</translation>
        <partOfSpeech>n</partOfSpeech>
        <nounClass>9</nounClass>
    </annotation>
    <annotation entity="&lt;http://owl.man.ac.uk/2005/07/sssw/people#company&gt;">
        <translation>kampuni</translation>
        <partOfSpeech>n</partOfSpeech>
        <nounClass>9</nounClass>
    </annotation>
    <annotation entity="&lt;http://owl.man.ac.uk/2005/07/sssw/people#car&gt;">
        <translation>emotoka</translation>
        <partOfSpeech>n</partOfSpeech>
        <nounClass>9</nounClass>
    </annotation>
    <annotation entity="&lt;http://owl.man.ac.uk/2005/07/sssw/people#person&gt;">
        <translation>omuntu</translation>
        <partOfSpeech>n</partOfSpeech>
        <nounClass>1</nounClass>
    </annotation>
    <annotation entity="&lt;http://owl.man.ac.uk/2005/07/sssw/people#quality_broadsheet&gt;">
        <translation>ekipapura kirungi</translation>
        <partOfSpeech>n</partOfSpeech>
        <nounClass>7</nounClass>
    </annotation>
    <annotation entity="&lt;http://owl.man.ac.uk/2005/07/sssw/people#broadsheet&gt;">
        <translation>ekipapura kihango</translation>
        <partOfSpeech>n</partOfSpeech>
        <nounClass>7</nounClass>
    </annotation>
    <annotation entity="&lt;http://owl.man.ac.uk/2005/07/sssw/people#bus_company&gt;">
        <translation>kampuni ya baasi</translation>
        <partOfSpeech>n</partOfSpeech>
        <nounClass>9</nounClass>
    </annotation>
    <annotation entity="&lt;http://owl.man.ac.uk/2005/07/sssw/people#newspaper&gt;">
        <translation>orupapura rw’amakuru</translation>
        <partOfSpeech>n</partOfSpeech>
        <nounClass>11</nounClass>
    </annotation>
    <annotation entity="&lt;http://owl.man.ac.uk/2005/07/sssw/people#bicycle&gt;">
        <translation>egaari</translation>
        <partOfSpeech>n</partOfSpeech>
        <nounClass>9</nounClass>
    </annotation>
    <annotation entity="&lt;http://owl.man.ac.uk/2005/07/sssw/people#giraffe&gt;">
        <translation>entwiga</translation>
        <partOfSpeech>n</partOfSpeech>
        <nounClass>9</nounClass>
    </annotation>
    <annotation entity="&lt;http://owl.man.ac.uk/2005/07/sssw/people#leaf&gt;">
        <translation>eibabi</translation>
        <partOfSpeech>n</partOfSpeech>
        <nounClass>5</nounClass>
    </annotation>
    <annotation entity="&lt;http://owl.man.ac.uk/2005/07/sssw/people#sheep&gt;">
        <translation>entaama</translation>
        <partOfSpeech>n</partOfSpeech>
        <nounClass>9</nounClass>
    </annotation>
    <annotation entity="&lt;http://owl.man.ac.uk/2005/07/sssw/people#lorry&gt;">
        <translation>roore</translation>
        <partOfSpeech>n</partOfSpeech>
        <nounClass>9</nounClass>
    </annotation>
    <annotation entity="&lt;http://owl.man.ac.uk/2005/07/sssw/people#truck&gt;">
        <translation>turaka</translation>
        <partOfSpeech>n</partOfSpeech>
        <nounClass>9</nounClass>
    </annotation>
    <annotation entity="&lt;http://owl.man.ac.uk/2005/07/sssw/people#duck&gt;">
        <translation>embaata</translation>
        <partOfSpeech>n</partOfSpeech>
        <nounClass>9</nounClass>
    </annotation>
    <annotation entity="&lt;http://owl.man.ac.uk/2005/07/sssw/people#grass&gt;">
        <translation>ebinyaansi</translation>
        <partOfSpeech>n</partOfSpeech>
        <nounClass>8</nounClass>
    </annotation>
    <annotation entity="&lt;http://owl.man.ac.uk/2005/07/sssw/people#tiger&gt;">
        <translation>entare</translation>
        <partOfSpeech>n</partOfSpeech>
        <nounClass>9</nounClass>
    </annotation>
    <annotation entity="&lt;http://owl.man.ac.uk/2005/07/sssw/people#young&gt;">
        <translation>omuntu muto</translation>
        <partOfSpeech>n</partOfSpeech>
        <nounClass>1</nounClass>
    </annotation>
    <annotation entity="&lt;http://owl.man.ac.uk/2005/07/sssw/people#tree&gt;">
        <translation>omuti</translation>
        <partOfSpeech>n</partOfSpeech>
        <nounClass>3</nounClass>
    </annotation>
    <annotation entity="&lt;http://owl.man.ac.uk/2005/07/sssw/people#plant&gt;">
        <translation>ekimera</translation>
        <partOfSpeech>n</partOfSpeech>
        <nounClass>7</nounClass>
    </annotation>
    <annotation entity="part">
        <translation>ekicweka</translation>
        <partOfSpeech>n</partOfSpeech>
        <nounClass>7</nounClass>
    </annotation>
    <annotation entity="of">
        <translation>kya</translation>
        <partOfSpeech>p</partOfSpeech>
        <nounClass>0</nounClass>
    </annotation>
</ontology>
