<?xml version="1.0" encoding="UTF-8" standalone="no"?>
<ontology xmlns="&lt;http://www.ihtsdo.org/snomedct.owl&gt;">
<annotation entity="&lt;http://www.ihtsdo.org/snomedct.owl#Drug-induced_pigmentation&gt;">
<translation>emibazi erimu ebirungo ebirikuhindura erangi y’omubiri</translation>
<partOfSpeech>n</partOfSpeech>
<nounClass>4</nounClass>
</annotation>
<annotation entity="&lt;http://www.ihtsdo.org/snomedct.owl#Degenerative_disorder&gt;">
    <translation>okusiisikara kw’ebicweka by’omubiri ebitari bimwe</translation>
    <partOfSpeech>n</partOfSpeech>
    <nounClass>9</nounClass>
</annotation>
<annotation entity="&lt;http://www.ihtsdo.org/snomedct.owl#Hydrocodone&gt;">
    <translation>omubazi gwa Hydrocodone</translation>
    <partOfSpeech>n</partOfSpeech>
    <nounClass>3</nounClass>
</annotation>
<annotation entity="&lt;http://www.ihtsdo.org/snomedct.owl#Opiate&gt;">
    <translation>omubazi ogukusinza ogukwejunisibwa kukyendeza obusaasi</translation>
    <partOfSpeech>n</partOfSpeech>
    <nounClass>3</nounClass>
</annotation>
<annotation entity="&lt;http://www.ihtsdo.org/snomedct.owl#Morphine_derivative&gt;">
    <translation>omubazi gw’okukyendeeza obusaasi</translation>
    <partOfSpeech>n</partOfSpeech>
    <nounClass>3</nounClass>
</annotation>
<annotation entity="&lt;http://www.ihtsdo.org/snomedct.owl#Chlordiazepoxide&gt;">
    <translation>omubazi gwa Chlordiazepoxide</translation>
    <partOfSpeech>n</partOfSpeech>
    <nounClass>3</nounClass>
</annotation>
<annotation entity="&lt;http://www.ihtsdo.org/snomedct.owl#Benzodiazepine_sedative&gt;">
    <translation>ekigwejegyezi kya Benzodiazepine</translation>
    <partOfSpeech>n</partOfSpeech>
    <nounClass>7</nounClass>
</annotation>
<annotation entity="&lt;http://www.ihtsdo.org/snomedct.owl#Chlordiazepoxide_hydrochloride&gt;">
    <translation>omubazi gwa hydrochloride ya Chlordiazepoxide</translation>
    <partOfSpeech>n</partOfSpeech>
    <nounClass>3</nounClass>
</annotation>
<annotation entity="Has">
    <translation>in</translation>
    <partOfSpeech>v</partOfSpeech>
    <nounClass>0</nounClass>
</annotation>
<annotation entity="active ingredient">
    <translation>ekirungo eky’amaani</translation>
    <partOfSpeech>n</partOfSpeech>
    <nounClass>7</nounClass>
</annotation>
</ontology>
