<?xml version="1.0" encoding="UTF-8" standalone="no"?>
<ontology xmlns="&lt;http://www.mindswap.org/ontologies/debugging/university.owl&gt;">
<annotation entity="&lt;http://www.mindswap.org/ontologies/debugging/university.owl#EE_Course&gt;">
<translation>eishomo rya EE</translation>
<partOfSpeech>n</partOfSpeech>
<nounClass>5</nounClass>
</annotation>
<annotation entity="&lt;http://www.mindswap.org/ontologies/debugging/university.owl#ResearchArea&gt;">
<translation>ekyokucondooza</translation>
<partOfSpeech>n</partOfSpeech>
<nounClass>7</nounClass>
</annotation>
<annotation entity="&lt;http://www.mindswap.org/ontologies/debugging/university.owl#AssistantProfessor&gt;">
<translation>purofeesa omutongore</translation>
<partOfSpeech>n</partOfSpeech>
<nounClass>1</nounClass>
</annotation>
<annotation entity="&lt;http://www.mindswap.org/ontologies/debugging/university.owl#Professor&gt;">
<translation>purofeesa</translation>
<partOfSpeech>n</partOfSpeech>
<nounClass>1</nounClass>
</annotation>
<annotation entity="&lt;http://www.mindswap.org/ontologies/debugging/university.owl#ProfessorInHCIorAI&gt;">
<translation>purofeesa wa HCI</translation>
<partOfSpeech>n</partOfSpeech>
<nounClass>1</nounClass>
</annotation>
<annotation entity="&lt;http://www.mindswap.org/ontologies/debugging/university.owl#CS_StudentTakingCourses&gt;">
<translation>omwegi wa CS orikutwaara amashomo</translation>
<partOfSpeech>n</partOfSpeech>
<nounClass>1</nounClass>
</annotation>
<annotation entity="&lt;http://www.mindswap.org/ontologies/debugging/university.owl#Student&gt;">
<translation>omwegi</translation>
<partOfSpeech>n</partOfSpeech>
<nounClass>1</nounClass>
</annotation>
<annotation entity="&lt;http://www.mindswap.org/ontologies/debugging/university.owl#Lecturer&gt;">
<translation>omushomesa</translation>
<partOfSpeech>n</partOfSpeech>
<nounClass>1</nounClass>
</annotation>
<annotation entity="&lt;http://www.mindswap.org/ontologies/debugging/university.owl#AIStudent&gt;">
<translation>omwegi wa AI</translation>
<partOfSpeech>n</partOfSpeech>
<nounClass>1</nounClass>
</annotation>
<annotation entity="&lt;http://www.mindswap.org/ontologies/debugging/university.owl#Person&gt;">
<translation>omuntu</translation>
<partOfSpeech>n</partOfSpeech>
<nounClass>1</nounClass>
</annotation>
<annotation entity="&lt;http://www.mindswap.org/ontologies/debugging/university.owl#Library&gt;">
<translation>eibiikiro ry'ebitabo</translation>
<partOfSpeech>n</partOfSpeech>
<nounClass>5</nounClass>
</annotation>
<annotation entity="&lt;http://www.mindswap.org/ontologies/debugging/university.owl#TeachingFaculty&gt;">
<translation>abashomesa omu kitongore</translation>
<partOfSpeech>n</partOfSpeech>
<nounClass>2</nounClass>
</annotation>
<annotation entity="has">
<translation>in</translation>
<partOfSpeech>v</partOfSpeech>
<nounClass>0</nounClass>
</annotation>
<annotation entity="Of">
    <translation>owa</translation>
    <partOfSpeech>p</partOfSpeech>
    <nounClass>0</nounClass>
</annotation>
<annotation entity="By">
    <translation>w</translation>
    <partOfSpeech>p</partOfSpeech>
    <nounClass>0</nounClass>
</annotation>
<annotation entity="&lt;http://www.mindswap.org/ontologies/debugging/university.owl#Course&gt;">
<translation>eishomo</translation>
<partOfSpeech>n</partOfSpeech>
<nounClass>5</nounClass>
</annotation>
<annotation entity="&lt;http://www.mindswap.org/ontologies/debugging/university.owl#takesCourse&gt;">
<translation>twar</translation>
<partOfSpeech>v</partOfSpeech>
<nounClass>0</nounClass>
</annotation>
<annotation entity="&lt;http://www.mindswap.org/ontologies/debugging/university.owl#FacultyPhoneBook&gt;">
<translation>ekitabo ky'amaziina n'enamba z'abkozi omu kitongore</translation>
<partOfSpeech>n</partOfSpeech>
<nounClass>7</nounClass>
</annotation>
<annotation entity="&lt;http://www.mindswap.org/ontologies/debugging/university.owl#EE_Library&gt;">
<translation>eibiikiro ry'ebitabo bya EE</translation>
<partOfSpeech>n</partOfSpeech>
<nounClass>5</nounClass>
</annotation>
<annotation entity="&lt;http://www.mindswap.org/ontologies/debugging/university.owl#CS_Student&gt;">
<translation>omwegi wa CS</translation>
<partOfSpeech>n</partOfSpeech>
<nounClass>1</nounClass>
</annotation>
<annotation entity="&lt;http://www.mindswap.org/ontologies/debugging/university.owl#HCIStudent&gt;">
<translation>omwegi wa HCI</translation>
<partOfSpeech>n</partOfSpeech>
<nounClass>1</nounClass>
</annotation>
<annotation entity="&lt;http://www.mindswap.org/ontologies/debugging/university.owl#CS_Course&gt;">
<translation>eishomo rya CS</translation>
<partOfSpeech>n</partOfSpeech>
<nounClass>5</nounClass>
</annotation>
<annotation entity="ResearchArea">
<translation>ekyokucondooza</translation>
<partOfSpeech>n</partOfSpeech>
<nounClass>7</nounClass>
</annotation>
<annotation entity="Advisor">
<translation>omuhabuzi</translation>
<partOfSpeech>n</partOfSpeech>
<nounClass>1</nounClass>
</annotation>
<annotation entity="&lt;http://www.mindswap.org/ontologies/debugging/university.owl#UniversityPhoneBook&gt;">
<translation>ekitabo ky'amaziina n'enamba za yunivasite</translation>
<partOfSpeech>n</partOfSpeech>
<nounClass>7</nounClass>
</annotation>
<annotation entity="&lt;http://www.mindswap.org/ontologies/debugging/university.owl#PhoneBook&gt;">
    <translation>ekitabo ky'amaziina n'enamba</translation>
<partOfSpeech>n</partOfSpeech>
<nounClass>7</nounClass>
</annotation>
<annotation entity="advisor">
    <translation>omuhabuzi</translation>
    <partOfSpeech>n</partOfSpeech>
    <nounClass>1</nounClass>
</annotation>
<annotation entity="&lt;http://www.mindswap.org/ontologies/debugging/university.owl#CS_Department&gt;">
<translation>ekitongore ky'ebya CS</translation>
<partOfSpeech>n</partOfSpeech>
<nounClass>7</nounClass>
</annotation>
<annotation entity="&lt;http://www.mindswap.org/ontologies/debugging/university.owl#EE_Department&gt;">
<translation>ekitongore ky'ebya EE</translation>
<partOfSpeech>n</partOfSpeech>
<nounClass>7</nounClass>
</annotation>
<annotation entity="&lt;http://www.mindswap.org/ontologies/debugging/university.owl#CS_Library&gt;">
<translation>eibiikiro ry'ebitabo bya CS</translation>
<partOfSpeech>n</partOfSpeech>
<nounClass>5</nounClass>
</annotation>
<annotation entity="&lt;http://www.mindswap.org/ontologies/debugging/university.owl#LecturerTaking4Courses&gt;">
<translation>omushomesa orikushomesa amashomo ana</translation>
<partOfSpeech>n</partOfSpeech>
<nounClass>1</nounClass>
</annotation>
<annotation entity="&lt;http://www.mindswap.org/ontologies/debugging/university.owl#Faculty&gt;">
<translation>abakozi omu kitongore</translation>
<partOfSpeech>n</partOfSpeech>
<nounClass>2</nounClass>
</annotation>
<annotation entity="&lt;http://www.mindswap.org/ontologies/debugging/university.owl#Department&gt;">
<translation>ekitongore</translation>
<partOfSpeech>n</partOfSpeech>
<nounClass>7</nounClass>
</annotation>
<annotation entity="Degree">
    <translation>diguri</translation>
    <partOfSpeech>n</partOfSpeech>
    <nounClass>9</nounClass>
</annotation>
<annotation entity="takes">
    <translation>twar</translation>
    <partOfSpeech>v</partOfSpeech>
    <nounClass>0</nounClass>
</annotation>
<annotation entity="Course">
    <translation>eishomo</translation>
    <partOfSpeech>n</partOfSpeech>
    <nounClass>5</nounClass>
</annotation>
<annotation entity="affiliated">
    <translation>koragan</translation>
    <partOfSpeech>v</partOfSpeech>
    <nounClass>0</nounClass>
</annotation>
<annotation entity="With">
    <translation>na</translation>
    <partOfSpeech>p</partOfSpeech>
    <nounClass>0</nounClass>
</annotation>
<annotation entity="offered">
    <translation>herezibw</translation>
    <partOfSpeech>v</partOfSpeech>
    <nounClass>0</nounClass>
</annotation>
<annotation entity="In">
    <translation>omu</translation>
    <partOfSpeech>p</partOfSpeech>
    <nounClass>0</nounClass>
</annotation>
</ontology>
